PartitionKey,RowKey,Priority
Area-of-Practice.html,AOP-Concentration.html,2
Area-of-Practice.html,AOP-Frequency.html,3
Area-of-Practice.html,AOP-Modeling-Dabbling.html,6
Area-of-Practice.html,AOP-Modeling-Overview.html,5
Area-of-Practice.html,AOP-Modeling-Proportion.html,7
Area-of-Practice.html,AOP-Modeling-Revenue.html,8
Area-of-Practice.html,AOP-Research-Methodology.html,1
Area-of-Practice.html,AOP-Severity.html,4
Claims-Prevention.html,Claims-Prevention-Excessive-Specializations.html,3
Claims-Prevention.html,Claims-Prevention-Methodology.html,1
Claims-Prevention.html,Claims-Prevention-Siloed-Attorneys.html,2
Cybersecurity.html,Affirmative-Responses-and-Claims-Experience.html,2
Cybersecurity.html,Cybersecurity-Reported-Incidents.html,6
Cybersecurity.html,Data-Security-Certification.html,5
Cybersecurity.html,Loss-Prevention-Lessons.html,7
Cybersecurity.html,Methodology.html,1
Cybersecurity.html,Question-Groups-and-Claims-Experience.html,3
Cybersecurity.html,Trends-in-Cybersecurity-Practices.html,4
Firm-Benchmarking.html,Firm-Benchmarking-Coverage-Limits.html,1
Firm-Benchmarking.html,Firm-Benchmarking-Practice-Group-Leaders.html,2
Firm-Stability.html,Firm-Stability-Attorney-Longevity.html,1
Firm-Stability.html,Firm-Stability-Churn-Rate.html,2
Firm-Stability.html,Firm-Stability-Loss-Prevention-Lessons.html,3
Trusts-and-Estates,TE-Introduction.html ,1
Trusts-and-Estates.html,TE-Predictive-Modeling-Insights-Firm-Census-Changes.html,5
Trusts-and-Estates.html,TE-Predictive-Modeling-Insights-Partner-Ratio.html,6
Trusts-and-Estates.html,TE-Historical-Context.html,2
Trusts-and-Estates.html,TE-Predictive-Modeling-Overview.html,4
Trusts-and-Estates.html,TE-Topic-Modeling-Insights.html,3
Trusts-and-Estates.html,TE-Topic-Modeling-Overview.html,2
